{
    "sign-up-form": [
        {
            "key": "username",
            "validators": [
                {
                    "required": true
                },
                {
                    "minlen": 8
                }
            ]
        },
        {
            "key": "password",
            "validators": [
                {
                    "required": true
                },
                {
                    "minlen": 6
                }
            ]
        },
        {
            "key": "firstName"
        },
        {
            "key": "lastName"
        },
        {
            "key": "age"
        },
        {
            "key": "email",
            "validators": [
                {
                    "required": true
                },
                {
                    "custom": "email"
                }
            ]
        }
    ]
}